Exhibit_No,Document_Title,Original_Filename,File_Type,Date_Created,Category,Sub_Category,Page_Count,File_Size_KB,Description,Relevance_Statement,Source_Location,VCAT_Compliant,Conversion_Status,Digital_Signature
# VCAT EVIDENCE INDEX - Cases R202518214 & R202518589
# Generated: 2025-08-08
# Total Evidence Files: 158 (corrected actual count)
# Executive Remediation: Complete index with all files
#
A001,A001 Tenant Challenge Application,A001_Tenant_Challenge_Application.pdf,PDF,2025-07-01,Legal_Documents,Critical Priority_A_Category,1,66.91,Supporting evidence document,Evidence for VCAT cases R202518214 and R202518589,Verified_Source/01_EXHIBITS,Yes,VCAT_Compliant,SIGNED_SHA256
A002,A002 Possession Application,A002_Possession_Application.pdf,PDF,2025-07-01,Legal_Documents,Critical Priority_A_Category,1,12.74,Supporting evidence document,Evidence for VCAT cases R202518214 and R202518589,Verified_Source/01_EXHIBITS,Yes,VCAT_Compliant,SIGNED_SHA256
A003,A003 Notice to Vacate Original,A003_Notice_to_Vacate_Original.pdf,PDF,2025-07-01,Legal_Documents,Critical Priority_A_Category,1,17.17,Official notice documentation,Evidence for VCAT cases R202518214 and R202518589,Verified_Source/01_EXHIBITS,Yes,VCAT_Compliant,SIGNED_SHA256
A004,A004 Notice to Vacate Duplicate,A004_Notice_to_Vacate_Duplicate.pdf,PDF,2025-07-01,Legal_Documents,Critical Priority_A_Category,1,17.17,Official notice documentation,Evidence for VCAT cases R202518214 and R202518589,Verified_Source/01_EXHIBITS,Yes,VCAT_Compliant,SIGNED_SHA256
A005,A005 Strike Out Order,A005_Strike_Out_Order.pdf,PDF,2025-07-01,Legal_Documents,Critical Priority_A_Category,1,18.58,Supporting evidence document,Evidence for VCAT cases R202518214 and R202518589,Verified_Source/01_EXHIBITS,Yes,VCAT_Compliant,SIGNED_SHA256
A006,A006 Hearing Directions,A006_Hearing_Directions.pdf,PDF,2025-07-01,Legal_Documents,Critical Priority_A_Category,1,25.37,Supporting evidence document,Evidence for VCAT cases R202518214 and R202518589,Verified_Source/01_EXHIBITS,Yes,VCAT_Compliant,SIGNED_SHA256
A007,A007 Hearing Notice,A007_Hearing_Notice.pdf,PDF,2025-07-01,Legal_Documents,Critical Priority_A_Category,1,149.6,Official notice documentation,Evidence for VCAT cases R202518214 and R202518589,Verified_Source/01_EXHIBITS,Yes,VCAT_Compliant,SIGNED_SHA256
B001,B001 Property Manager Introduction,B001_Property_Manager_Introduction.pdf,PDF,2025-07-01,Communications,High Priority_B_Category,1,114.76,Property access/condition record,Evidence for VCAT cases R202518214 and R202518589,Verified_Source/01_EXHIBITS,Yes,VCAT_Compliant,SIGNED_SHA256
B002,B002 Water Damage Report Initial,B002_Water_Damage_Report_Initial.pdf,PDF,2025-07-01,Communications,High Priority_B_Category,1,41.44,Supporting evidence document,Evidence for VCAT cases R202518214 and R202518589,Verified_Source/01_EXHIBITS,Yes,VCAT_Compliant,SIGNED_SHA256
B003,B003 Water Damage Escalation,B003_Water_Damage_Escalation.pdf,PDF,2025-07-01,Communications,High Priority_B_Category,1,55.42,Supporting evidence document,Evidence for VCAT cases R202518214 and R202518589,Verified_Source/01_EXHIBITS,Yes,VCAT_Compliant,SIGNED_SHA256
B004,B004 Leak Repair Confirmation,B004_Leak_Repair_Confirmation.pdf,PDF,2025-07-01,Communications,High Priority_B_Category,1,131.31,Supporting evidence document,Evidence for VCAT cases R202518214 and R202518589,Verified_Source/01_EXHIBITS,Yes,VCAT_Compliant,SIGNED_SHA256
B005,B005 Wall Damage Follow up,B005_Wall_Damage_Follow_up.pdf,PDF,2025-07-01,Communications,High Priority_B_Category,1,48.57,Supporting evidence document,Evidence for VCAT cases R202518214 and R202518589,Verified_Source/01_EXHIBITS,Yes,VCAT_Compliant,SIGNED_SHA256
B006,B006 Formal Demand Letter,B006_Formal_Demand_Letter.pdf,PDF,2025-07-01,Communications,High Priority_B_Category,1,53.3,Supporting evidence document,Evidence for VCAT cases R202518214 and R202518589,Verified_Source/01_EXHIBITS,Yes,VCAT_Compliant,SIGNED_SHA256
B007,B007 RDRV Application Email,B007_RDRV_Application_Email.pdf,PDF,2025-07-01,Communications,High Priority_B_Category,1,93.31,Email communication record,Evidence for VCAT cases R202518214 and R202518589,Verified_Source/01_EXHIBITS,Yes,VCAT_Compliant,SIGNED_SHA256
B008,B008 Notice to Vacate Email,B008_Notice_to_Vacate_Email.pdf,PDF,2025-07-01,Communications,High Priority_B_Category,1,101.62,Email communication record,Evidence for VCAT cases R202518214 and R202518589,Verified_Source/01_EXHIBITS,Yes,VCAT_Compliant,SIGNED_SHA256
B009,B009 Vacating Instructions Email,B009_Vacating_Instructions_Email.pdf,PDF,2025-07-01,Communications,High Priority_B_Category,1,106.52,Email communication record,Evidence for VCAT cases R202518214 and R202518589,Verified_Source/01_EXHIBITS,Yes,VCAT_Compliant,SIGNED_SHA256
C001,Claude AI Payment July 2025,C001_Claude_AI_Payment_July_2025.pdf,PDF,2025-07-14,AI_Service_Payments,Legal_Disclosure,1,235,Claude.AI subscription payment - $163.29 AUD,Evidence of AI tool usage in case preparation,Verified_Source/01_EXHIBITS,Yes,No_Conversion_Required,Complete
C002,C002 Rent Receipt February 2025,C002_Rent_Receipt_February_2025.pdf,PDF,2025-07-01,Financial_Records,High Priority_C_Category,1,201.13,Payment receipt documentation,Evidence for VCAT cases R202518214 and R202518589,Verified_Source/01_EXHIBITS,Yes,VCAT_Compliant,SIGNED_SHA256
C003,C003 Rent Receipt March 2025,C003_Rent_Receipt_March_2025.pdf,PDF,2025-07-01,Financial_Records,High Priority_C_Category,1,209.34,Payment receipt documentation,Evidence for VCAT cases R202518214 and R202518589,Verified_Source/01_EXHIBITS,Yes,VCAT_Compliant,SIGNED_SHA256
C004,C004 Rent Receipt April 2025,C004_Rent_Receipt_April_2025.pdf,PDF,2025-07-01,Financial_Records,High Priority_C_Category,1,209.32,Payment receipt documentation,Evidence for VCAT cases R202518214 and R202518589,Verified_Source/01_EXHIBITS,Yes,VCAT_Compliant,SIGNED_SHA256
C005,C005 Rent Receipt May 2025,C005_Rent_Receipt_May_2025.pdf,PDF,2025-07-01,Financial_Records,High Priority_C_Category,1,210.19,Payment receipt documentation,Evidence for VCAT cases R202518214 and R202518589,Verified_Source/01_EXHIBITS,Yes,VCAT_Compliant,SIGNED_SHA256
C006,C006 Rent Receipt June 2025,C006_Rent_Receipt_June_2025.pdf,PDF,2025-07-01,Financial_Records,High Priority_C_Category,1,209.84,Payment receipt documentation,Evidence for VCAT cases R202518214 and R202518589,Verified_Source/01_EXHIBITS,Yes,VCAT_Compliant,SIGNED_SHA256
C007,C007 Rent Receipt July 2025,C007_Rent_Receipt_July_2025.pdf,PDF,2025-07-01,Financial_Records,High Priority_C_Category,1,212.12,Payment receipt documentation,Evidence for VCAT cases R202518214 and R202518589,Verified_Source/01_EXHIBITS,Yes,VCAT_Compliant,SIGNED_SHA256
C008,C008 Bond Payment Receipt,C008_Bond_Payment_Receipt.pdf,PDF,2025-07-01,Financial_Records,High Priority_C_Category,1,615.67,Payment receipt documentation,Evidence for VCAT cases R202518214 and R202518589,Verified_Source/01_EXHIBITS,Yes,VCAT_Compliant,SIGNED_SHA256
C009,C009 VCAT Application Fee,C009_VCAT_Application_Fee.pdf,PDF,2025-07-01,Financial_Records,High Priority_C_Category,1,222.26,VCAT legal document,Evidence for VCAT cases R202518214 and R202518589,Verified_Source/01_EXHIBITS,Yes,VCAT_Compliant,SIGNED_SHA256
C010,C010 Medical Expenses,C010_Medical_Expenses.pdf,PDF,2025-07-01,Financial_Records,High Priority_C_Category,1,274.24,Medical documentation,Evidence for VCAT cases R202518214 and R202518589,Verified_Source/01_EXHIBITS,Yes,VCAT_Compliant,SIGNED_SHA256
D001,D001 Property Entry July 8,D001_Property_Entry_July_8.pdf,PDF,2025-07-01,Property_Records,High Priority_D_Category,1,2618.56,Property access/condition record,Evidence for VCAT cases R202518214 and R202518589,Verified_Source/01_EXHIBITS,Yes,VCAT_Compliant,SIGNED_SHA256
D002,D002 Property Entry July 10,D002_Property_Entry_July_10.pdf,PDF,2025-07-01,Property_Records,High Priority_D_Category,1,3691.78,Property access/condition record,Evidence for VCAT cases R202518214 and R202518589,Verified_Source/01_EXHIBITS,Yes,VCAT_Compliant,SIGNED_SHA256
D003,D003 Property Entry July 11,D003_Property_Entry_July_11.pdf,PDF,2025-07-01,Property_Records,High Priority_D_Category,1,3741.33,Property access/condition record,Evidence for VCAT cases R202518214 and R202518589,Verified_Source/01_EXHIBITS,Yes,VCAT_Compliant,SIGNED_SHA256
D004,D004 Property Entry July 14,D004_Property_Entry_July_14.pdf,PDF,2025-07-01,Property_Records,High Priority_D_Category,1,3777.66,Property access/condition record,Evidence for VCAT cases R202518214 and R202518589,Verified_Source/01_EXHIBITS,Yes,VCAT_Compliant,SIGNED_SHA256
D005,D005 Property Entry July 15,D005_Property_Entry_July_15.pdf,PDF,2025-07-01,Property_Records,High Priority_D_Category,1,3711.41,Property access/condition record,Evidence for VCAT cases R202518214 and R202518589,Verified_Source/01_EXHIBITS,Yes,VCAT_Compliant,SIGNED_SHA256
E001,E001 Co Tenant Statement,E001_Co_Tenant_Statement.pdf,PDF,2025-07-01,Supporting_Documents,Medium Priority_E_Category,1,35.01,Witness/tenant statement,Evidence for VCAT cases R202518214 and R202518589,Verified_Source/01_EXHIBITS,Yes,VCAT_Compliant,SIGNED_SHA256
E002,E002 Cleaning Standards Guide,E002_Cleaning_Standards_Guide.pdf,PDF,2025-07-01,Supporting_Documents,Medium Priority_E_Category,1,64.95,Supporting evidence document,Evidence for VCAT cases R202518214 and R202518589,Verified_Source/01_EXHIBITS,Yes,VCAT_Compliant,SIGNED_SHA256
E003,E003 Move Out Procedures,E003_Move_Out_Procedures.pdf,PDF,2025-07-01,Supporting_Documents,Medium Priority_E_Category,1,18.46,Supporting evidence document,Evidence for VCAT cases R202518214 and R202518589,Verified_Source/01_EXHIBITS,Yes,VCAT_Compliant,SIGNED_SHA256
E004,E004 Medical Documentation,E004_Medical_Documentation.pdf,PDF,2025-07-01,Supporting_Documents,Medium Priority_E_Category,1,7740.89,Medical documentation,Evidence for VCAT cases R202518214 and R202518589,Verified_Source/01_EXHIBITS,Yes,VCAT_Compliant,SIGNED_SHA256
E005,E005 School Reassessment Request,E005_School_Reassessment_Request.pdf,PDF,2025-07-01,Supporting_Documents,Medium Priority_E_Category,1,90.51,Supporting evidence document,Evidence for VCAT cases R202518214 and R202518589,Verified_Source/01_EXHIBITS,Yes,VCAT_Compliant,SIGNED_SHA256
E006,E006 Property Condition Image,E006_Property_Condition_Image.pdf,PDF,2025-07-01,Supporting_Documents,Medium Priority_E_Category,1,4158.8,Property access/condition record,Evidence for VCAT cases R202518214 and R202518589,Verified_Source/01_EXHIBITS,Yes,VCAT_Compliant,SIGNED_SHA256
F001,F001 20250207-Welcome to Areal Property – Your New Property Mana-111,F001_20250207-Welcome to Areal Property – Your New Property Mana-111.pdf,PDF,2025-02-07,Communications,Medium Priority_F_Category,1,114.76,Email communication record,Evidence for VCAT cases R202518214 and R202518589,Verified_Source/01_EXHIBITS,Yes,VCAT_Compliant,SIGNED_SHA256
F002,"F002 20250225-Receipt of payment for 1803 243 Franklin St, Melbo-110","F002_20250225-Receipt of payment for 1803_243 Franklin St, Melbo-110.pdf",PDF,2025-02-25,Communications,Medium Priority_F_Category,1,85.37,Payment receipt documentation,Evidence for VCAT cases R202518214 and R202518589,Verified_Source/01_EXHIBITS,Yes,VCAT_Compliant,SIGNED_SHA256
F003,F003 20250325-Areal monthly after-hours trades list update-109,F003_20250325-Areal monthly after-hours trades list update-109.pdf,PDF,2025-03-25,Communications,Medium Priority_F_Category,1,114.92,Email communication record,Evidence for VCAT cases R202518214 and R202518589,Verified_Source/01_EXHIBITS,Yes,VCAT_Compliant,SIGNED_SHA256
F004,"F004 20250325-Receipt of payment for 1803 243 Franklin St, Melbo-108","F004_20250325-Receipt of payment for 1803_243 Franklin St, Melbo-108.pdf",PDF,2025-03-25,Communications,Medium Priority_F_Category,1,84.22,Payment receipt documentation,Evidence for VCAT cases R202518214 and R202518589,Verified_Source/01_EXHIBITS,Yes,VCAT_Compliant,SIGNED_SHA256
F005,F005 20250401-Areal monthly after-hours trades list update-107,F005_20250401-Areal monthly after-hours trades list update-107.pdf,PDF,2025-04-01,Communications,Medium Priority_F_Category,1,114.32,Email communication record,Evidence for VCAT cases R202518214 and R202518589,Verified_Source/01_EXHIBITS,Yes,VCAT_Compliant,SIGNED_SHA256
F006,F006 20250402-Non-Urgent Maintenance Request (1803 243 Franklin -104,F006_20250402-Non-Urgent Maintenance Request (1803_243 Franklin -104.pdf,PDF,2025-04-02,Communications,Medium Priority_F_Category,1,54.55,Email communication record,Evidence for VCAT cases R202518214 and R202518589,Verified_Source/01_EXHIBITS,Yes,VCAT_Compliant,SIGNED_SHA256
F007,F007 20250408-Fwd  Non-Urgent Maintenance Request (1803 243 Fran-105,F007_20250408-Fwd_ Non-Urgent Maintenance Request (1803_243 Fran-105.pdf,PDF,2025-04-08,Communications,Medium Priority_F_Category,1,63.27,Email communication record,Evidence for VCAT cases R202518214 and R202518589,Verified_Source/01_EXHIBITS,Yes,VCAT_Compliant,SIGNED_SHA256
F008,F008 20250409-Re Non-Urgent Maintenance Request (1803 243 Frankl-106,F008_20250409-Re_Non-Urgent Maintenance Request (1803_243 Frankl-106.pdf,PDF,2025-04-09,Communications,Medium Priority_F_Category,1,250.9,Email communication record,Evidence for VCAT cases R202518214 and R202518589,Verified_Source/01_EXHIBITS,Yes,VCAT_Compliant,SIGNED_SHA256
F009,F009 20250416-Re Urgent  Water Damage on Bedroom Wall (Unit 1803-101,F009_20250416-Re_Urgent_ Water Damage on Bedroom Wall (Unit 1803-101.pdf,PDF,2025-04-16,Communications,Medium Priority_F_Category,1,230.42,Email communication record,Evidence for VCAT cases R202518214 and R202518589,Verified_Source/01_EXHIBITS,Yes,VCAT_Compliant,SIGNED_SHA256
F010,F010 20250416-Re Urgent  Water Damage on Bedroom Wall (Unit 1803-102,F010_20250416-Re_Urgent_ Water Damage on Bedroom Wall (Unit 1803-102.pdf,PDF,2025-04-16,Communications,Medium Priority_F_Category,1,240.33,Email communication record,Evidence for VCAT cases R202518214 and R202518589,Verified_Source/01_EXHIBITS,Yes,VCAT_Compliant,SIGNED_SHA256
F011,F011 20250416-Urgent  Water Damage on Bedroom Wall (Unit 1803)-100,F011_20250416-Urgent_ Water Damage on Bedroom Wall (Unit 1803)-100.pdf,PDF,2025-04-16,Communications,Medium Priority_F_Category,1,41.44,Email communication record,Evidence for VCAT cases R202518214 and R202518589,Verified_Source/01_EXHIBITS,Yes,VCAT_Compliant,SIGNED_SHA256
F012,F012 20250420-Automatic reply  Urgent  Water Damage on Bedroom W-99,F012_20250420-Automatic reply_ Urgent_ Water Damage on Bedroom W-99.pdf,PDF,2025-04-20,Communications,Medium Priority_F_Category,1,48.24,Email communication record,Evidence for VCAT cases R202518214 and R202518589,Verified_Source/01_EXHIBITS,Yes,VCAT_Compliant,SIGNED_SHA256
F013,F013 20250420-Re Urgent  Water Damage on Bedroom Wall (Unit 1803-103,F013_20250420-Re_Urgent_ Water Damage on Bedroom Wall (Unit 1803-103.pdf,PDF,2025-04-20,Communications,Medium Priority_F_Category,1,243.88,Email communication record,Evidence for VCAT cases R202518214 and R202518589,Verified_Source/01_EXHIBITS,Yes,VCAT_Compliant,SIGNED_SHA256
F014,"F014 20250423-Receipt of payment for 1803 243 Franklin St, Melbo-98","F014_20250423-Receipt of payment for 1803_243 Franklin St, Melbo-98.pdf",PDF,2025-04-23,Communications,Medium Priority_F_Category,1,88.34,Payment receipt documentation,Evidence for VCAT cases R202518214 and R202518589,Verified_Source/01_EXHIBITS,Yes,VCAT_Compliant,SIGNED_SHA256
F015,F015 20250423-Second Follow-up  Urgent Water Damage Escalation –-97,F015_20250423-Second Follow-up_ Urgent Water Damage Escalation –-97.pdf,PDF,2025-04-23,Communications,Medium Priority_F_Category,1,55.42,Email communication record,Evidence for VCAT cases R202518214 and R202518589,Verified_Source/01_EXHIBITS,Yes,VCAT_Compliant,SIGNED_SHA256
F016,F016 20250424-Re FW  Second Follow-up  Urgent Water Damage Escal-95,F016_20250424-Re_FW_ Second Follow-up_ Urgent Water Damage Escal-95.pdf,PDF,2025-04-24,Communications,Medium Priority_F_Category,1,180.34,Email communication record,Evidence for VCAT cases R202518214 and R202518589,Verified_Source/01_EXHIBITS,Yes,VCAT_Compliant,SIGNED_SHA256
F017,F017 20250424-Routine inspection scheduled for 1803 243 Franklin-96,F017_20250424-Routine inspection scheduled for 1803_243 Franklin-96.pdf,PDF,2025-04-24,Communications,Medium Priority_F_Category,1,105.48,Email communication record,Evidence for VCAT cases R202518214 and R202518589,Verified_Source/01_EXHIBITS,Yes,VCAT_Compliant,SIGNED_SHA256
F018,F018 20250428-Update on Leak Inspection-1803 243 Franklin-94,F018_20250428-Update on Leak Inspection-1803_243 Franklin-94.pdf,PDF,2025-04-28,Communications,Medium Priority_F_Category,1,130.66,Email communication record,Evidence for VCAT cases R202518214 and R202518589,Verified_Source/01_EXHIBITS,Yes,VCAT_Compliant,SIGNED_SHA256
F019,F019 20250428-Update on Leak Issue at 1803  243 Franklin-93,F019_20250428-Update on Leak Issue at 1803_ 243 Franklin-93.pdf,PDF,2025-04-28,Communications,Medium Priority_F_Category,1,129.41,Email communication record,Evidence for VCAT cases R202518214 and R202518589,Verified_Source/01_EXHIBITS,Yes,VCAT_Compliant,SIGNED_SHA256
F020,"F020 20250430-Routine inspection for 1803 243 Franklin St, Melbo-92","F020_20250430-Routine inspection for 1803_243 Franklin St, Melbo-92.pdf",PDF,2025-04-30,Communications,Medium Priority_F_Category,1,105.89,Email communication record,Evidence for VCAT cases R202518214 and R202518589,Verified_Source/01_EXHIBITS,Yes,VCAT_Compliant,SIGNED_SHA256
F021,F021 20250501-Areal monthly after-hours trades list update-91,F021_20250501-Areal monthly after-hours trades list update-91.pdf,PDF,2025-05-01,Communications,Medium Priority_F_Category,1,115.42,Email communication record,Evidence for VCAT cases R202518214 and R202518589,Verified_Source/01_EXHIBITS,Yes,VCAT_Compliant,SIGNED_SHA256
F022,F022 20250502-Leaking Repaired Confirmation  - 1803 243 Franklin-90,F022_20250502-Leaking Repaired Confirmation  - 1803_243 Franklin-90.pdf,PDF,2025-05-02,Communications,Medium Priority_F_Category,1,131.31,Email communication record,Evidence for VCAT cases R202518214 and R202518589,Verified_Source/01_EXHIBITS,Yes,VCAT_Compliant,SIGNED_SHA256
F023,F023 20250509-Follow-up on Wall and Carpet Damage – 1803 243 Fra-87,F023_20250509-Follow-up on Wall and Carpet Damage – 1803_243 Fra-87.pdf,PDF,2025-05-09,Communications,Medium Priority_F_Category,1,48.57,Email communication record,Evidence for VCAT cases R202518214 and R202518589,Verified_Source/01_EXHIBITS,Yes,VCAT_Compliant,SIGNED_SHA256
F024,F024 20250509-Re Follow-up on Wall and Carpet Damage – 1803 243 -88,F024_20250509-Re_Follow-up on Wall and Carpet Damage – 1803_243 -88.pdf,PDF,2025-05-09,Communications,Medium Priority_F_Category,1,287.26,Email communication record,Evidence for VCAT cases R202518214 and R202518589,Verified_Source/01_EXHIBITS,Yes,VCAT_Compliant,SIGNED_SHA256
F025,F025 20250510-Re Follow-up on Wall and Carpet Damage – 1803 243 -89,F025_20250510-Re_Follow-up on Wall and Carpet Damage – 1803_243 -89.pdf,PDF,2025-05-10,Communications,Medium Priority_F_Category,1,12990.45,Email communication record,Evidence for VCAT cases R202518214 and R202518589,Verified_Source/01_EXHIBITS,Yes,VCAT_Compliant,SIGNED_SHA256
F026,F026 20250512-Re FW  Follow-up on Wall and Carpet Damage – 1803 -78,F026_20250512-Re_FW_ Follow-up on Wall and Carpet Damage – 1803_-78.pdf,PDF,2025-05-12,Communications,Medium Priority_F_Category,1,176.91,Email communication record,Evidence for VCAT cases R202518214 and R202518589,Verified_Source/01_EXHIBITS,Yes,VCAT_Compliant,SIGNED_SHA256
F027,"F027 20250513-Re PS628109B - R&M - Water Leak Lot 1803A - 243, 2-86","F027_20250513-Re_PS628109B - R&M - Water Leak Lot 1803A - 243, 2-86.pdf",PDF,2025-05-13,Communications,Medium Priority_F_Category,1,408.63,Email communication record,Evidence for VCAT cases R202518214 and R202518589,Verified_Source/01_EXHIBITS,Yes,VCAT_Compliant,SIGNED_SHA256
F028,"F028 20250526-Receipt of payment for 1803 243 Franklin Street, M-85","F028_20250526-Receipt of payment for 1803_243 Franklin Street, M-85.pdf",PDF,2025-05-26,Communications,Medium Priority_F_Category,1,88.4,Payment receipt documentation,Evidence for VCAT cases R202518214 and R202518589,Verified_Source/01_EXHIBITS,Yes,VCAT_Compliant,SIGNED_SHA256
F029,F029 20250529-Leak Rectification Works – Access Required-84,F029_20250529-Leak Rectification Works – Access Required-84.pdf,PDF,2025-05-29,Communications,Medium Priority_F_Category,1,131.21,Email communication record,Evidence for VCAT cases R202518214 and R202518589,Verified_Source/01_EXHIBITS,Yes,VCAT_Compliant,SIGNED_SHA256
F030,F030 20250602-Areal monthly after-hours trades list update-83,F030_20250602-Areal monthly after-hours trades list update-83.pdf,PDF,2025-06-02,Communications,Medium Priority_F_Category,1,115.0,Email communication record,Evidence for VCAT cases R202518214 and R202518589,Verified_Source/01_EXHIBITS,Yes,VCAT_Compliant,SIGNED_SHA256
F031,F031 20250602-Re FW  Follow-up on Wall and Carpet Damage – 1803 -79,F031_20250602-Re_FW_ Follow-up on Wall and Carpet Damage – 1803_-79.pdf,PDF,2025-06-02,Communications,Medium Priority_F_Category,1,217.76,Email communication record,Evidence for VCAT cases R202518214 and R202518589,Verified_Source/01_EXHIBITS,Yes,VCAT_Compliant,SIGNED_SHA256
F032,F032 20250603-Re FW  Follow-up on Wall and Carpet Damage – 1803 -80,F032_20250603-Re_FW_ Follow-up on Wall and Carpet Damage – 1803_-80.pdf,PDF,2025-06-03,Communications,Medium Priority_F_Category,1,276.92,Email communication record,Evidence for VCAT cases R202518214 and R202518589,Verified_Source/01_EXHIBITS,Yes,VCAT_Compliant,SIGNED_SHA256
F033,F033 20250603-Re FW  Follow-up on Wall and Carpet Damage – 1803 -81,F033_20250603-Re_FW_ Follow-up on Wall and Carpet Damage – 1803_-81.pdf,PDF,2025-06-03,Communications,Medium Priority_F_Category,1,177.45,Email communication record,Evidence for VCAT cases R202518214 and R202518589,Verified_Source/01_EXHIBITS,Yes,VCAT_Compliant,SIGNED_SHA256
F034,F034 20250605-Re FW  Follow-up on Wall and Carpet Damage – 1803 -82,F034_20250605-Re_FW_ Follow-up on Wall and Carpet Damage – 1803_-82.pdf,PDF,2025-06-05,Communications,Medium Priority_F_Category,1,293.84,Email communication record,Evidence for VCAT cases R202518214 and R202518589,Verified_Source/01_EXHIBITS,Yes,VCAT_Compliant,SIGNED_SHA256
F035,F035 20250606-Follow-up – Formal Demand & Statement Regarding Un-63,F035_20250606-Follow-up – Formal Demand & Statement Regarding Un-63.pdf,PDF,2025-06-06,Communications,Medium Priority_F_Category,1,53.3,Email communication record,Evidence for VCAT cases R202518214 and R202518589,Verified_Source/01_EXHIBITS,Yes,VCAT_Compliant,SIGNED_SHA256
F036,F036 20250606-Re Follow-up – Formal Demand & Statement Regarding-64,F036_20250606-Re_Follow-up – Formal Demand & Statement Regarding-64.pdf,PDF,2025-06-06,Communications,Medium Priority_F_Category,1,142.72,Email communication record,Evidence for VCAT cases R202518214 and R202518589,Verified_Source/01_EXHIBITS,Yes,VCAT_Compliant,SIGNED_SHA256
F037,F037 20250606-Re Follow-up – Formal Demand & Statement Regarding-65,F037_20250606-Re_Follow-up – Formal Demand & Statement Regarding-65.pdf,PDF,2025-06-06,Communications,Medium Priority_F_Category,1,131.19,Email communication record,Evidence for VCAT cases R202518214 and R202518589,Verified_Source/01_EXHIBITS,Yes,VCAT_Compliant,SIGNED_SHA256
F038,F038 20250606-You have reached us outside of business hours-77,F038_20250606-You have reached us outside of business hours-77.pdf,PDF,2025-06-06,Communications,Medium Priority_F_Category,1,105.42,Email communication record,Evidence for VCAT cases R202518214 and R202518589,Verified_Source/01_EXHIBITS,Yes,VCAT_Compliant,SIGNED_SHA256
F039,F039 20250610-Re Follow-up – Formal Demand & Statement Regarding-66,F039_20250610-Re_Follow-up – Formal Demand & Statement Regarding-66.pdf,PDF,2025-06-10,Communications,Medium Priority_F_Category,1,180.21,Email communication record,Evidence for VCAT cases R202518214 and R202518589,Verified_Source/01_EXHIBITS,Yes,VCAT_Compliant,SIGNED_SHA256
F040,F040 20250610-Re Follow-up – Formal Demand & Statement Regarding-67,F040_20250610-Re_Follow-up – Formal Demand & Statement Regarding-67.pdf,PDF,2025-06-10,Communications,Medium Priority_F_Category,1,215.24,Email communication record,Evidence for VCAT cases R202518214 and R202518589,Verified_Source/01_EXHIBITS,Yes,VCAT_Compliant,SIGNED_SHA256
F041,F041 20250611-Re Rent Adjustment – Request for Clarification and-76,F041_20250611-Re_Rent Adjustment – Request for Clarification and-76.pdf,PDF,2025-06-11,Communications,Medium Priority_F_Category,1,180.91,Email communication record,Evidence for VCAT cases R202518214 and R202518589,Verified_Source/01_EXHIBITS,Yes,VCAT_Compliant,SIGNED_SHA256
F042,F042 20250611-You have reached us outside of business hours-75,F042_20250611-You have reached us outside of business hours-75.pdf,PDF,2025-06-11,Communications,Medium Priority_F_Category,1,105.4,Email communication record,Evidence for VCAT cases R202518214 and R202518589,Verified_Source/01_EXHIBITS,Yes,VCAT_Compliant,SIGNED_SHA256
F043,F043 20250612-Re Follow-up – Formal Demand & Statement Regarding-68,F043_20250612-Re_Follow-up – Formal Demand & Statement Regarding-68.pdf,PDF,2025-06-12,Communications,Medium Priority_F_Category,1,239.85,Email communication record,Evidence for VCAT cases R202518214 and R202518589,Verified_Source/01_EXHIBITS,Yes,VCAT_Compliant,SIGNED_SHA256
F044,F044 20250613-Re Follow-up – Formal Demand & Statement Regarding-69,F044_20250613-Re_Follow-up – Formal Demand & Statement Regarding-69.pdf,PDF,2025-06-13,Communications,Medium Priority_F_Category,1,251.57,Email communication record,Evidence for VCAT cases R202518214 and R202518589,Verified_Source/01_EXHIBITS,Yes,VCAT_Compliant,SIGNED_SHA256
F045,F045 20250613-Re Follow-up – Formal Demand & Statement Regarding-70,F045_20250613-Re_Follow-up – Formal Demand & Statement Regarding-70.pdf,PDF,2025-06-13,Communications,Medium Priority_F_Category,1,302.2,Email communication record,Evidence for VCAT cases R202518214 and R202518589,Verified_Source/01_EXHIBITS,Yes,VCAT_Compliant,SIGNED_SHA256
F046,F046 20250613-You have reached us outside of business hours-74,F046_20250613-You have reached us outside of business hours-74.pdf,PDF,2025-06-13,Communications,Medium Priority_F_Category,1,105.74,Email communication record,Evidence for VCAT cases R202518214 and R202518589,Verified_Source/01_EXHIBITS,Yes,VCAT_Compliant,SIGNED_SHA256
F047,F047 20250616-Re Follow-up – Formal Demand & Statement Regarding-71,F047_20250616-Re_Follow-up – Formal Demand & Statement Regarding-71.pdf,PDF,2025-06-16,Communications,Medium Priority_F_Category,1,151.17,Email communication record,Evidence for VCAT cases R202518214 and R202518589,Verified_Source/01_EXHIBITS,Yes,VCAT_Compliant,SIGNED_SHA256
F048,F048 20250616-Re Follow-up – Formal Demand & Statement Regarding-72,F048_20250616-Re_Follow-up – Formal Demand & Statement Regarding-72.pdf,PDF,2025-06-16,Communications,Medium Priority_F_Category,1,240.83,Email communication record,Evidence for VCAT cases R202518214 and R202518589,Verified_Source/01_EXHIBITS,Yes,VCAT_Compliant,SIGNED_SHA256
F049,F049 20250616-You have reached us outside of business hours-73,F049_20250616-You have reached us outside of business hours-73.pdf,PDF,2025-06-16,Communications,Medium Priority_F_Category,1,105.88,Email communication record,Evidence for VCAT cases R202518214 and R202518589,Verified_Source/01_EXHIBITS,Yes,VCAT_Compliant,SIGNED_SHA256
F050,F050 20250618-Remediation Works – Start Date Confirmed-62,F050_20250618-Remediation Works – Start Date Confirmed-62.pdf,PDF,2025-06-18,Communications,Medium Priority_F_Category,1,132.54,Email communication record,Evidence for VCAT cases R202518214 and R202518589,Verified_Source/01_EXHIBITS,Yes,VCAT_Compliant,SIGNED_SHA256
F051,F051 20250623-Re Follow-up – Formal Demand & Statement Regarding-52,F051_20250623-Re_Follow-up – Formal Demand & Statement Regarding-52.pdf,PDF,2025-06-23,Communications,Medium Priority_F_Category,1,263.23,Email communication record,Evidence for VCAT cases R202518214 and R202518589,Verified_Source/01_EXHIBITS,Yes,VCAT_Compliant,SIGNED_SHA256
F052,F052 20250623-Re Follow-up – Formal Demand & Statement Regarding-53,F052_20250623-Re_Follow-up – Formal Demand & Statement Regarding-53.pdf,PDF,2025-06-23,Communications,Medium Priority_F_Category,1,162.46,Email communication record,Evidence for VCAT cases R202518214 and R202518589,Verified_Source/01_EXHIBITS,Yes,VCAT_Compliant,SIGNED_SHA256
F053,F053 20250623-Re Follow-up – Formal Demand & Statement Regarding-54,F053_20250623-Re_Follow-up – Formal Demand & Statement Regarding-54.pdf,PDF,2025-06-23,Communications,Medium Priority_F_Category,1,242.1,Email communication record,Evidence for VCAT cases R202518214 and R202518589,Verified_Source/01_EXHIBITS,Yes,VCAT_Compliant,SIGNED_SHA256
F054,"F054 20250624-RDRV - Case RT252398 - 33 Camberwell Rd, Hawthorn -57","F054_20250624-RDRV - Case RT252398 - 33 Camberwell Rd, Hawthorn -57.pdf",PDF,2025-06-24,Communications,Medium Priority_F_Category,1,93.31,Email communication record,Evidence for VCAT cases R202518214 and R202518589,Verified_Source/01_EXHIBITS,Yes,VCAT_Compliant,SIGNED_SHA256
F055,F055 20250624-Re Follow-up – Formal Demand & Statement Regarding-55,F055_20250624-Re_Follow-up – Formal Demand & Statement Regarding-55.pdf,PDF,2025-06-24,Communications,Medium Priority_F_Category,1,256.99,Email communication record,Evidence for VCAT cases R202518214 and R202518589,Verified_Source/01_EXHIBITS,Yes,VCAT_Compliant,SIGNED_SHA256
F056,F056 20250624-Re Follow-up – Formal Demand & Statement Regarding-56,F056_20250624-Re_Follow-up – Formal Demand & Statement Regarding-56.pdf,PDF,2025-06-24,Communications,Medium Priority_F_Category,1,268.16,Email communication record,Evidence for VCAT cases R202518214 and R202518589,Verified_Source/01_EXHIBITS,Yes,VCAT_Compliant,SIGNED_SHA256
F057,"F057 20250624-Re RDRV - Case RT252398 - 33 Camberwell Rd, Hawtho-58","F057_20250624-Re_RDRV - Case RT252398 - 33 Camberwell Rd, Hawtho-58.pdf",PDF,2025-06-24,Communications,Medium Priority_F_Category,1,102.6,Email communication record,Evidence for VCAT cases R202518214 and R202518589,Verified_Source/01_EXHIBITS,Yes,VCAT_Compliant,SIGNED_SHA256
F058,"F058 20250624-Receipt of payment for 1803 243 Franklin Street, M-59","F058_20250624-Receipt of payment for 1803_243 Franklin Street, M-59.pdf",PDF,2025-06-24,Communications,Medium Priority_F_Category,1,88.41,Payment receipt documentation,Evidence for VCAT cases R202518214 and R202518589,Verified_Source/01_EXHIBITS,Yes,VCAT_Compliant,SIGNED_SHA256
F059,F059 20250624-Residential Tenancies Dispute Submission for RT252-60,F059_20250624-Residential Tenancies Dispute Submission for RT252-60.pdf,PDF,2025-06-24,Communications,Medium Priority_F_Category,1,91.79,Email communication record,Evidence for VCAT cases R202518214 and R202518589,Verified_Source/01_EXHIBITS,Yes,VCAT_Compliant,SIGNED_SHA256
F060,F060 20250624-VCAT RDRV account email verification code-61,F060_20250624-VCAT RDRV account email verification code-61.pdf,PDF,2025-06-24,Communications,Medium Priority_F_Category,1,59.71,Email communication record,Evidence for VCAT cases R202518214 and R202518589,Verified_Source/01_EXHIBITS,Yes,VCAT_Compliant,SIGNED_SHA256
F061,F061 20250624-You have reached us outside of business hours-51,F061_20250624-You have reached us outside of business hours-51.pdf,PDF,2025-06-24,Communications,Medium Priority_F_Category,1,105.66,Email communication record,Evidence for VCAT cases R202518214 and R202518589,Verified_Source/01_EXHIBITS,Yes,VCAT_Compliant,SIGNED_SHA256
F062,"F062 20250625-RDRV - Case RT252398 - 33 Camberwell Rd, Hawthorn -25","F062_20250625-RDRV - Case RT252398 - 33 Camberwell Rd, Hawthorn -25.pdf",PDF,2025-06-25,Communications,Medium Priority_F_Category,1,92.02,Email communication record,Evidence for VCAT cases R202518214 and R202518589,Verified_Source/01_EXHIBITS,Yes,VCAT_Compliant,SIGNED_SHA256
F063,"F063 20250625-Re RDRV - Case RT252398 - 33 Camberwell Rd, Hawtho-26","F063_20250625-Re_RDRV - Case RT252398 - 33 Camberwell Rd, Hawtho-26.pdf",PDF,2025-06-25,Communications,Medium Priority_F_Category,1,334.6,Email communication record,Evidence for VCAT cases R202518214 and R202518589,Verified_Source/01_EXHIBITS,Yes,VCAT_Compliant,SIGNED_SHA256
F064,"F064 20250625-Re RDRV - Case RT252398 - 33 Camberwell Rd, Hawtho-27","F064_20250625-Re_RDRV - Case RT252398 - 33 Camberwell Rd, Hawtho-27.pdf",PDF,2025-06-25,Communications,Medium Priority_F_Category,1,340.56,Email communication record,Evidence for VCAT cases R202518214 and R202518589,Verified_Source/01_EXHIBITS,Yes,VCAT_Compliant,SIGNED_SHA256
F065,"F065 20250626-Re RDRV - Case RT252398 - 33 Camberwell Rd, Hawtho-28","F065_20250626-Re_RDRV - Case RT252398 - 33 Camberwell Rd, Hawtho-28.pdf",PDF,2025-06-26,Communications,Medium Priority_F_Category,1,348.22,Email communication record,Evidence for VCAT cases R202518214 and R202518589,Verified_Source/01_EXHIBITS,Yes,VCAT_Compliant,SIGNED_SHA256
F066,"F066 20250626-Re RDRV - Case RT252398 - 33 Camberwell Rd, Hawtho-29","F066_20250626-Re_RDRV - Case RT252398 - 33 Camberwell Rd, Hawtho-29.pdf",PDF,2025-06-26,Communications,Medium Priority_F_Category,1,365.21,Email communication record,Evidence for VCAT cases R202518214 and R202518589,Verified_Source/01_EXHIBITS,Yes,VCAT_Compliant,SIGNED_SHA256
F067,"F067 20250626-Re RDRV - Case RT252398 - 33 Camberwell Rd, Hawtho-30","F067_20250626-Re_RDRV - Case RT252398 - 33 Camberwell Rd, Hawtho-30.pdf",PDF,2025-06-26,Communications,Medium Priority_F_Category,1,388.32,Email communication record,Evidence for VCAT cases R202518214 and R202518589,Verified_Source/01_EXHIBITS,Yes,VCAT_Compliant,SIGNED_SHA256
F068,F068 20250627-RDRV Order - RT252398 CMS 0014256123-48,F068_20250627-RDRV Order - RT252398 CMS_0014256123-48.pdf,PDF,2025-06-27,Communications,Medium Priority_F_Category,1,92.44,Email communication record,Evidence for VCAT cases R202518214 and R202518589,Verified_Source/01_EXHIBITS,Yes,VCAT_Compliant,SIGNED_SHA256
F069,"F069 20250627-Re RDRV - Case RT252398 - 33 Camberwell Rd, Hawtho-31","F069_20250627-Re_RDRV - Case RT252398 - 33 Camberwell Rd, Hawtho-31.pdf",PDF,2025-06-27,Communications,Medium Priority_F_Category,1,395.93,Email communication record,Evidence for VCAT cases R202518214 and R202518589,Verified_Source/01_EXHIBITS,Yes,VCAT_Compliant,SIGNED_SHA256
F070,"F070 20250627-Re RDRV - Case RT252398 - 33 Camberwell Rd, Hawtho-32","F070_20250627-Re_RDRV - Case RT252398 - 33 Camberwell Rd, Hawtho-32.pdf",PDF,2025-06-27,Communications,Medium Priority_F_Category,1,402.46,Email communication record,Evidence for VCAT cases R202518214 and R202518589,Verified_Source/01_EXHIBITS,Yes,VCAT_Compliant,SIGNED_SHA256
F071,"F071 20250627-Re RDRV - Case RT252398 - 33 Camberwell Rd, Hawtho-50","F071_20250627-Re_RDRV - Case RT252398 - 33 Camberwell Rd, Hawtho-50.pdf",PDF,2025-06-27,Communications,Medium Priority_F_Category,1,412.15,Email communication record,Evidence for VCAT cases R202518214 and R202518589,Verified_Source/01_EXHIBITS,Yes,VCAT_Compliant,SIGNED_SHA256
F072,F072 20250627-Update to RT252398 CMS 0014256122-49,F072_20250627-Update to RT252398 CMS_0014256122-49.pdf,PDF,2025-06-27,Communications,Medium Priority_F_Category,1,83.6,Email communication record,Evidence for VCAT cases R202518214 and R202518589,Verified_Source/01_EXHIBITS,Yes,VCAT_Compliant,SIGNED_SHA256
F073,F073 20250627-VCAT RDRV account email verification code-47,F073_20250627-VCAT RDRV account email verification code-47.pdf,PDF,2025-06-27,Communications,Medium Priority_F_Category,1,59.69,Email communication record,Evidence for VCAT cases R202518214 and R202518589,Verified_Source/01_EXHIBITS,Yes,VCAT_Compliant,SIGNED_SHA256
F074,F074 20250701-Areal monthly after-hours trades list update-45,F074_20250701-Areal monthly after-hours trades list update-45.pdf,PDF,2025-07-01,Communications,Medium Priority_F_Category,1,114.98,Email communication record,Evidence for VCAT cases R202518214 and R202518589,Verified_Source/01_EXHIBITS,Yes,VCAT_Compliant,SIGNED_SHA256
F075,F075 20250701-Areal monthly after-hours trades list update-46,F075_20250701-Areal monthly after-hours trades list update-46.pdf,PDF,2025-07-01,Communications,Medium Priority_F_Category,1,115.17,Email communication record,Evidence for VCAT cases R202518214 and R202518589,Verified_Source/01_EXHIBITS,Yes,VCAT_Compliant,SIGNED_SHA256
F076,"F076 20250701-Re RDRV - Case RT252398 - 33 Camberwell Rd, Hawtho-33","F076_20250701-Re_RDRV - Case RT252398 - 33 Camberwell Rd, Hawtho-33.pdf",PDF,2025-07-01,Communications,Medium Priority_F_Category,1,420.53,Email communication record,Evidence for VCAT cases R202518214 and R202518589,Verified_Source/01_EXHIBITS,Yes,VCAT_Compliant,SIGNED_SHA256
F077,"F077 20250701-Re RDRV - Case RT252398 - 33 Camberwell Rd, Hawtho-34","F077_20250701-Re_RDRV - Case RT252398 - 33 Camberwell Rd, Hawtho-34.pdf",PDF,2025-07-01,Communications,Medium Priority_F_Category,1,430.02,Email communication record,Evidence for VCAT cases R202518214 and R202518589,Verified_Source/01_EXHIBITS,Yes,VCAT_Compliant,SIGNED_SHA256
F078,"F078 20250701-Re RDRV - Case RT252398 - 33 Camberwell Rd, Hawtho-35","F078_20250701-Re_RDRV - Case RT252398 - 33 Camberwell Rd, Hawtho-35.pdf",PDF,2025-07-01,Communications,Medium Priority_F_Category,1,442.34,Email communication record,Evidence for VCAT cases R202518214 and R202518589,Verified_Source/01_EXHIBITS,Yes,VCAT_Compliant,SIGNED_SHA256
F079,"F079 20250703-Re RDRV - Case RT252398 - 33 Camberwell Rd, Hawtho-36","F079_20250703-Re_RDRV - Case RT252398 - 33 Camberwell Rd, Hawtho-36.pdf",PDF,2025-07-03,Communications,Medium Priority_F_Category,1,57.71,Email communication record,Evidence for VCAT cases R202518214 and R202518589,Verified_Source/01_EXHIBITS,Yes,VCAT_Compliant,SIGNED_SHA256
F080,F080 20250703-You have reached us outside of business hours-44,F080_20250703-You have reached us outside of business hours-44.pdf,PDF,2025-07-03,Communications,Medium Priority_F_Category,1,105.88,Email communication record,Evidence for VCAT cases R202518214 and R202518589,Verified_Source/01_EXHIBITS,Yes,VCAT_Compliant,SIGNED_SHA256
F081,"F081 20250704-Re RDRV - Case RT252398 - 33 Camberwell Rd, Hawtho-37","F081_20250704-Re_RDRV - Case RT252398 - 33 Camberwell Rd, Hawtho-37.pdf",PDF,2025-07-04,Communications,Medium Priority_F_Category,1,148.54,Email communication record,Evidence for VCAT cases R202518214 and R202518589,Verified_Source/01_EXHIBITS,Yes,VCAT_Compliant,SIGNED_SHA256
F082,"F082 20250704-Re RDRV - Case RT252398 - 33 Camberwell Rd, Hawtho-38","F082_20250704-Re_RDRV - Case RT252398 - 33 Camberwell Rd, Hawtho-38.pdf",PDF,2025-07-04,Communications,Medium Priority_F_Category,1,154.75,Email communication record,Evidence for VCAT cases R202518214 and R202518589,Verified_Source/01_EXHIBITS,Yes,VCAT_Compliant,SIGNED_SHA256
F083,"F083 20250704-Re RDRV - Case RT252398 - 33 Camberwell Rd, Hawtho-39","F083_20250704-Re_RDRV - Case RT252398 - 33 Camberwell Rd, Hawtho-39.pdf",PDF,2025-07-04,Communications,Medium Priority_F_Category,1,156.68,Email communication record,Evidence for VCAT cases R202518214 and R202518589,Verified_Source/01_EXHIBITS,Yes,VCAT_Compliant,SIGNED_SHA256
F084,F084 20250704-You have reached us outside of business hours-43,F084_20250704-You have reached us outside of business hours-43.pdf,PDF,2025-07-04,Communications,Medium Priority_F_Category,1,105.62,Email communication record,Evidence for VCAT cases R202518214 and R202518589,Verified_Source/01_EXHIBITS,Yes,VCAT_Compliant,SIGNED_SHA256
F085,"F085 20250707-Re RDRV - Case RT252398 - 33 Camberwell Rd, Hawtho-40","F085_20250707-Re_RDRV - Case RT252398 - 33 Camberwell Rd, Hawtho-40.pdf",PDF,2025-07-07,Communications,Medium Priority_F_Category,1,387.06,Email communication record,Evidence for VCAT cases R202518214 and R202518589,Verified_Source/01_EXHIBITS,Yes,VCAT_Compliant,SIGNED_SHA256
F086,"F086 20250709-Re RDRV - Case RT252398 - 33 Camberwell Rd, Hawtho-41","F086_20250709-Re_RDRV - Case RT252398 - 33 Camberwell Rd, Hawtho-41.pdf",PDF,2025-07-09,Communications,Medium Priority_F_Category,1,396.33,Email communication record,Evidence for VCAT cases R202518214 and R202518589,Verified_Source/01_EXHIBITS,Yes,VCAT_Compliant,SIGNED_SHA256
F087,"F087 20250711-Notice to vacate - 1803 243 Franklin Street, Melbo-24","F087_20250711-Notice to vacate - 1803_243 Franklin Street, Melbo-24.pdf",PDF,2025-07-11,Communications,Medium Priority_F_Category,1,101.62,Email communication record,Evidence for VCAT cases R202518214 and R202518589,Verified_Source/01_EXHIBITS,Yes,VCAT_Compliant,SIGNED_SHA256
F088,"F088 20250711-Re RDRV - Case RT252398 - 33 Camberwell Rd, Hawtho-42","F088_20250711-Re_RDRV - Case RT252398 - 33 Camberwell Rd, Hawtho-42.pdf",PDF,2025-07-11,Communications,Medium Priority_F_Category,1,691.62,Email communication record,Evidence for VCAT cases R202518214 and R202518589,Verified_Source/01_EXHIBITS,Yes,VCAT_Compliant,SIGNED_SHA256
F089,"F089 20250711-Vacating instructions - 1803 243 Franklin Street, -23","F089_20250711-Vacating instructions - 1803_243 Franklin Street, -23.pdf",PDF,2025-07-11,Communications,Medium Priority_F_Category,1,106.52,Email communication record,Evidence for VCAT cases R202518214 and R202518589,Verified_Source/01_EXHIBITS,Yes,VCAT_Compliant,SIGNED_SHA256
F090,F090 20250714-VCAT Application R202518214 00 – Challenge to Noti-5,F090_20250714-VCAT Application R202518214_00 – Challenge to Noti-5.pdf,PDF,2025-07-14,Communications,Medium Priority_F_Category,1,48.39,Email communication record,Evidence for VCAT cases R202518214 and R202518589,Verified_Source/01_EXHIBITS,Yes,VCAT_Compliant,SIGNED_SHA256
F091,F091 20250714-VCAT RDRV account email verification code-22,F091_20250714-VCAT RDRV account email verification code-22.pdf,PDF,2025-07-14,Communications,Medium Priority_F_Category,1,59.58,Email communication record,Evidence for VCAT cases R202518214 and R202518589,Verified_Source/01_EXHIBITS,Yes,VCAT_Compliant,SIGNED_SHA256
F092,F092 20250714-VCAT Residential Tenancies Hub - Please confirm yo-21,F092_20250714-VCAT Residential Tenancies Hub - Please confirm yo-21.pdf,PDF,2025-07-14,Communications,Medium Priority_F_Category,1,45.53,Email communication record,Evidence for VCAT cases R202518214 and R202518589,Verified_Source/01_EXHIBITS,Yes,VCAT_Compliant,SIGNED_SHA256
F093,F093 20250714-VCAT has opened a case R202518214 00 about  243 Fr-20,F093_20250714-VCAT has opened a case R202518214_00 about  243 Fr-20.pdf,PDF,2025-07-14,Communications,Medium Priority_F_Category,1,113.76,Email communication record,Evidence for VCAT cases R202518214 and R202518589,Verified_Source/01_EXHIBITS,Yes,VCAT_Compliant,SIGNED_SHA256
F094,F094 20250714-You have reached us outside of business hours-19,F094_20250714-You have reached us outside of business hours-19.pdf,PDF,2025-07-14,Communications,Medium Priority_F_Category,1,106.0,Email communication record,Evidence for VCAT cases R202518214 and R202518589,Verified_Source/01_EXHIBITS,Yes,VCAT_Compliant,SIGNED_SHA256
F095,F095 20250715-Automated response - VCAT Residential Tenancies-14,F095_20250715-Automated response - VCAT Residential Tenancies-14.pdf,PDF,2025-07-15,Communications,Medium Priority_F_Category,1,69.63,Email communication record,Evidence for VCAT cases R202518214 and R202518589,Verified_Source/01_EXHIBITS,Yes,VCAT_Compliant,SIGNED_SHA256
F096,F096 20250715-Automated response - VCAT Residential Tenancies-15,F096_20250715-Automated response - VCAT Residential Tenancies-15.pdf,PDF,2025-07-15,Communications,Medium Priority_F_Category,1,69.63,Email communication record,Evidence for VCAT cases R202518214 and R202518589,Verified_Source/01_EXHIBITS,Yes,VCAT_Compliant,SIGNED_SHA256
F097,F097 20250715-Fwd  VCAT Application R202518214 00 – Challenge to-6,F097_20250715-Fwd_ VCAT Application R202518214_00 – Challenge to-6.pdf,PDF,2025-07-15,Communications,Medium Priority_F_Category,1,51.63,Email communication record,Evidence for VCAT cases R202518214 and R202518589,Verified_Source/01_EXHIBITS,Yes,VCAT_Compliant,SIGNED_SHA256
F098,F098 20250715-Fwd  VCAT Application R202518214 00 – Challenge to-7,F098_20250715-Fwd_ VCAT Application R202518214_00 – Challenge to-7.pdf,PDF,2025-07-15,Communications,Medium Priority_F_Category,1,51.73,Email communication record,Evidence for VCAT cases R202518214 and R202518589,Verified_Source/01_EXHIBITS,Yes,VCAT_Compliant,SIGNED_SHA256
F099,F099 20250715-Re Your VCAT application  more information needed--17,F099_20250715-Re_Your VCAT application_ more information needed--17.pdf,PDF,2025-07-15,Communications,Medium Priority_F_Category,1,90.78,Email communication record,Evidence for VCAT cases R202518214 and R202518589,Verified_Source/01_EXHIBITS,Yes,VCAT_Compliant,SIGNED_SHA256
F100,F100 20250715-VCAT RDRV account email verification code-18,F100_20250715-VCAT RDRV account email verification code-18.pdf,PDF,2025-07-15,Communications,Medium Priority_F_Category,1,60.07,Email communication record,Evidence for VCAT cases R202518214 and R202518589,Verified_Source/01_EXHIBITS,Yes,VCAT_Compliant,SIGNED_SHA256
F101,F101 20250715-Your VCAT application  more information needed- VC-16,F101_20250715-Your VCAT application_ more information needed- VC-16.pdf,PDF,2025-07-15,Communications,Medium Priority_F_Category,1,115.89,Email communication record,Evidence for VCAT cases R202518214 and R202518589,Verified_Source/01_EXHIBITS,Yes,VCAT_Compliant,SIGNED_SHA256
F102,F102 20250717-VCAT RDRV account email verification code-13,F102_20250717-VCAT RDRV account email verification code-13.pdf,PDF,2025-07-17,Communications,Medium Priority_F_Category,1,60.56,Email communication record,Evidence for VCAT cases R202518214 and R202518589,Verified_Source/01_EXHIBITS,Yes,VCAT_Compliant,SIGNED_SHA256
F103,F103 20250721-VCAT Application – Possession of Property (Ref  R2-12,F103_20250721-VCAT Application – Possession of Property (Ref_ R2-12.pdf,PDF,2025-07-21,Communications,Medium Priority_F_Category,1,136.78,Email communication record,Evidence for VCAT cases R202518214 and R202518589,Verified_Source/01_EXHIBITS,Yes,VCAT_Compliant,SIGNED_SHA256
F104,F104 20250721-VCAT has opened a case R202518589 00 about  1803 2-11,F104_20250721-VCAT has opened a case R202518589_00 about  1803_2-11.pdf,PDF,2025-07-21,Communications,Medium Priority_F_Category,1,114.88,Email communication record,Evidence for VCAT cases R202518214 and R202518589,Verified_Source/01_EXHIBITS,Yes,VCAT_Compliant,SIGNED_SHA256
F105,F105 20250722-Hearing scheduled for R202518589 00 1803 243 Frank-9,F105_20250722-Hearing scheduled for R202518589_00 1803_243 Frank-9.pdf,PDF,2025-07-22,Communications,Medium Priority_F_Category,1,121.03,Email communication record,Evidence for VCAT cases R202518214 and R202518589,Verified_Source/01_EXHIBITS,Yes,VCAT_Compliant,SIGNED_SHA256
F106,F106 20250722-Re VCAT Application R202518214 00 – Challenge to N-8,F106_20250722-Re_VCAT Application R202518214_00 – Challenge to N-8.pdf,PDF,2025-07-22,Communications,Medium Priority_F_Category,1,148.64,Email communication record,Evidence for VCAT cases R202518214 and R202518589,Verified_Source/01_EXHIBITS,Yes,VCAT_Compliant,SIGNED_SHA256
F107,F107 20250722-VCAT order made about R202518214 00 243 Franklin S-10,F107_20250722-VCAT order made about R202518214_00 243 Franklin S-10.pdf,PDF,2025-07-22,Communications,Medium Priority_F_Category,1,94.8,Email communication record,Evidence for VCAT cases R202518214 and R202518589,Verified_Source/01_EXHIBITS,Yes,VCAT_Compliant,SIGNED_SHA256
F108,F108 20250723-VCAT RDRV account email verification code-1,F108_20250723-VCAT RDRV account email verification code-1.pdf,PDF,2025-07-23,Communications,Medium Priority_F_Category,1,60.61,Email communication record,Evidence for VCAT cases R202518214 and R202518589,Verified_Source/01_EXHIBITS,Yes,VCAT_Compliant,SIGNED_SHA256
F109,F109 20250723-VCAT RDRV account email verification code-2,F109_20250723-VCAT RDRV account email verification code-2.pdf,PDF,2025-07-23,Communications,Medium Priority_F_Category,1,59.83,Email communication record,Evidence for VCAT cases R202518214 and R202518589,Verified_Source/01_EXHIBITS,Yes,VCAT_Compliant,SIGNED_SHA256
F110,F110 20250723-VCAT RDRV account email verification code-3,F110_20250723-VCAT RDRV account email verification code-3.pdf,PDF,2025-07-23,Communications,Medium Priority_F_Category,1,60.26,Email communication record,Evidence for VCAT cases R202518214 and R202518589,Verified_Source/01_EXHIBITS,Yes,VCAT_Compliant,SIGNED_SHA256
F111,F111 20250723-VCAT order made about R202518589 00 1803 243 Frank-4,F111_20250723-VCAT order made about R202518589_00 1803_243 Frank-4.pdf,PDF,2025-07-23,Communications,Medium Priority_F_Category,1,95.48,Email communication record,Evidence for VCAT cases R202518214 and R202518589,Verified_Source/01_EXHIBITS,Yes,VCAT_Compliant,SIGNED_SHA256
F112,F112 20250724-VCAT evidence link R202518589 about 1803 243 Frank-112,F112_20250724-VCAT evidence link R202518589 about 1803_243 Frank-112.pdf,PDF,2025-07-24,Communications,Medium Priority_F_Category,1,102.63,Email communication record,Evidence for VCAT cases R202518214 and R202518589,Verified_Source/01_EXHIBITS,Yes,VCAT_Compliant,SIGNED_SHA256
F113,"F113 20250725-Receipt of payment for 1803 243 Franklin Street, M-113","F113_20250725-Receipt of payment for 1803_243 Franklin Street, M-113.pdf",PDF,2025-07-25,Communications,Medium Priority_F_Category,1,84.56,Payment receipt documentation,Evidence for VCAT cases R202518214 and R202518589,Verified_Source/01_EXHIBITS,Yes,VCAT_Compliant,SIGNED_SHA256
F114,F114 20250801-Areal monthly after-hours trades list update-114,F114_20250801-Areal monthly after-hours trades list update-114.pdf,PDF,2025-08-01,Communications,Medium Priority_F_Category,1,114.93,Email communication record,Evidence for VCAT cases R202518214 and R202518589,Verified_Source/01_EXHIBITS,Yes,VCAT_Compliant,SIGNED_SHA256
G001,G001 VCAT Applicant Application,G001_VCAT_Applicant_Application.pdf,PDF,2025-07-01,Email_Attachments,Medium Priority_G_Category,1,109.07,VCAT legal document,Evidence for VCAT cases R202518214 and R202518589,Verified_Source/01_EXHIBITS,Yes,VCAT_Compliant,SIGNED_SHA256
G002,G002 Strike Out Consent Order,G002_Strike_Out_Consent_Order.pdf,PDF,2025-07-01,Email_Attachments,Medium Priority_G_Category,1,129.46,Supporting evidence document,Evidence for VCAT cases R202518214 and R202518589,Verified_Source/01_EXHIBITS,Yes,VCAT_Compliant,SIGNED_SHA256
G003,G003 Repair Access Response,G003_Repair_Access_Response.pdf,PDF,2025-07-01,Email_Attachments,Medium Priority_G_Category,1,2.86,Supporting evidence document,Evidence for VCAT cases R202518214 and R202518589,Verified_Source/01_EXHIBITS,Yes,VCAT_Compliant,SIGNED_SHA256
G004,G004 Formal Demand Letter,G004_Formal_Demand_Letter.pdf,PDF,2025-07-01,Email_Attachments,Medium Priority_G_Category,1,2.73,Supporting evidence document,Evidence for VCAT cases R202518214 and R202518589,Verified_Source/01_EXHIBITS,Yes,VCAT_Compliant,SIGNED_SHA256
G005,G005 Tenant Statement,G005_Tenant_Statement.pdf,PDF,2025-07-01,Email_Attachments,Medium Priority_G_Category,1,2.86,Witness/tenant statement,Evidence for VCAT cases R202518214 and R202518589,Verified_Source/01_EXHIBITS,Yes,VCAT_Compliant,SIGNED_SHA256
G006,G006 VCAT Possession Application,G006_VCAT_Possession_Application.pdf,PDF,2025-07-01,Email_Attachments,Medium Priority_G_Category,1,12.74,VCAT legal document,Evidence for VCAT cases R202518214 and R202518589,Verified_Source/01_EXHIBITS,Yes,VCAT_Compliant,SIGNED_SHA256
G007,G007 Notice to Vacate Document,G007_Notice_to_Vacate_Document.pdf,PDF,2025-07-01,Email_Attachments,Medium Priority_G_Category,1,17.17,Official notice documentation,Evidence for VCAT cases R202518214 and R202518589,Verified_Source/01_EXHIBITS,Yes,VCAT_Compliant,SIGNED_SHA256
